"No","Judul","Subjudul","Pengarang","Priority","Tahun","Penerbit","Bahasa","Page","TTD"
58,"Rumah Kaca","Roman Pramoedya Ananta Toer, Buku 4/4","Pramoedya Ananta Toer",9,2006,"Lentera Dipantara","ID",646,"2016/Desember/Bandung"
59,"Di Bawah Tiga Bendera","Anarkisme Global dan Imajinasi Antikolonial","Benedict Anderson",9,2015,"Marjin Kiri","ID/Terj",378,"2016/Desember/Bandung"
60,"Seks dan Revolusi",,"Jean-Paul Sartre",9,2016,"Penerbit Narasi","ID/Terj",258,"2016/Desember/Bandung"
61,"Robohnya Surau Kami",,"A. A. Navis",9,2002,"Gramedia","ID",139,"2016/Desember/Bandung"
62,"Pemikiran Karl Marx","Dari Sosialisme Utopis ke Perselisihan Revisionisme","Frans Magnis Suseno",9,1999,"Gramedia","ID",283,"2016/Desember/Bandung"
63,"Arok Dedes","Roman","Pramoedya Ananta Toer",9,2015,"Lentera Dipantara","ID",561,"2016/Desember/Bandung"
64,"Pemberontak","Esai Tentang Manusia dalam Revolusi","Albert Camus",9,2015,"Penerbit Narasi","ID/Terj",578,"2016/Desember/Bandung"
88,"Pohon Filsafat","Teks Kuliah Pengantar Filsafat","Dr. Stephen Palmquis",9,2002,"Pustaka Pelajar Offset","ID/Terj",558,"2016/Oktober/Bandung"
115,"Anak Semua Bangsa","Roman Pramoedya Ananta Toer, Buku 2/4","Pramoedya Ananta Toer",9,2006,"Lentera Dipantara","ID",539,"2016/September/Bandung"
116,"Bumi Manusia","Roman Pramoedya Ananta Toer, Buku ¼","Pramoedya Ananta Toer",9,2006,"Lentera Dipantara","ID",551,"2016/September/Bandung"
122,"Jack Ma","Sisi-sisi Tak Terduga Sang Godfather Bisnis China","Chen Wei",9,2017,"Penerbit Noura (Mizan)","ID/Terj",393,"2017/Agustus/Bandung"
123,"Sejarah Tuhan","Kisah 4000 Tahun Pencarian Tuhan dalam Agama-agama Manusia","Karen Amstrong",9,2017,"Penerbit Mizan","ID/Terj",673,"2017/Agustus/Bandung"
124,"Jerusalem","The Biography","Simon Sebag Montefiore",9,2012,"Pustaka Alvabet","ID/Terj",824,"2017/Agustus/Bandung"
125,"Max Havelaar","-","Multatuli",9,2014,"Qanita","ID/Terj",477,"2017/Agustus/Bandung"
126,"Sapiens","Sejarah Ringkas Umat Manusia dari Zaman Batu hingga Perkiraan Kepunahannya","Yuval Noah Harari",9,2017,"Pustaka Alvabet","ID/Terj",513,"2017/Agustus/Bandung"
133,"The Challenge of Things","Thinking Through Troubled Times","A.C Grayling",9,2015,"Bloomsbury Publishing","EN",297,"2017/April/BSD"
134,"Future Perfect","The Case For Progress in a Network Age","Steven Johnson",9,2012,"Riverhead Books","EN",233,"2017/April/BSD"
135,"All You Can Pay","How Companies User Our Data to Empty Our Wallets","Anna Bernasek, etc",9,2015,"Nation Books","EN",240,"2017/April/BSD"
136,"Thinking, Fast and Slow",,"Daniel Kahneman",9,2011,"Penguin Books","EN",499,"2017/April/BSD"
137,"The Innovators","Kisah para Peretas, Genius, dan Maniak yang melahirkan Revolusi Digital","Walter Isaacson",9,2015,"Penerbit Bentang Pustaka (Mizan)","ID/Terj",504,"2017/April/BSD"
170,"An Introdcution to Statistical Learning","with Application in R","Gareth James",9,2014,"Springer","EN",426,"2017/Juli/Bandung"
171,"The Elements of Statistical Learning","Data Mining, Inference, and Prediction","Trevor Hastie",9,2008,"Springer","EN",745,"2017/Juli/Bandung"
172,"IL PRINCIPE","Sang Pangeran","Niccolo Machiavelli",9,2014,"Penerbit Narasi","ID/Terj",183,"2017/Juli/Bandung"
181,"Data Structure & Algorithms","in Python","Michael T. Godrich, etc",9,2013,"Wiley","EN",748,"2017/Mei/Bandung"
182,"Clean Code","A Handbook of Agile Software Craftsmanship","Robert C. Martin",9,2009,"Prentice Hall","EN",431,"2017/Mei/Bandung"
193,"Absolute FreeBSD","The Complete Guide To FreeBSD","Michael W. Lucas",9,2008,"No Starch Press","EN",709,
6,"The Theory of Everything","The Origin and Fate of The Universe","Stephen W. Hawking",8,2005,"Phoenix Book","EN",136,"2013/Bandung"
7,"Menulis adalah Jalan Hidupku",,"Bustan",8,2000,"Erskine Caldwell","ID/Terj",208,"2013/Bandung"
21,"From Beirut to Jerusalem","Tears of Heaven","Ang Swee Chai",8,2006,"Penerbit Mizan","ID/Terj",656,"2014/Bandung"
22,"Buddha","Sebuah Novel","Deepak Chopra",8,2009,"GPU","ID/Terj",400,"2014/Bandung"
47,"Pengantar ke dalam Teologi Berdasarkan Injil",,"Karl Barth",8,2012,"BPK Gunung Mulia","ID/Terj",198,"2014/Maret/Bandung"
48,"The 7 Habits oof Highly Effective People","7 Kebiasaan manusia yang sangat efektif","Stephen R. Covey",8,1997,"Binarupa Aksara","ID/Terj",345,"2015/Bandung"
56,"Psikopatologi Dalam Kehidupan Sehari-hari",,"Sigmund Freud",8,2005,"Penerbit Pedati","ID/Terj",393,"2016/Agustung/Bandung"
57,"Trinitas","Bapa, Firman dan Roh Kudus","Herbert Vorgrimler",8,2005,"Penerbit Kanisius","ID/Terj",130,"2016/Bandung"
65,"Antologi Cerpen Rusia","Pushkin, Gogol, Tolstoy, Korolenko, Chekov, Chirikov, Andreyev, Kuprin, Gorky, Sologub","-",8,2016,"Narasi","ID/Terj",325,"2016/Desember/Bandung"
66,"Madilog","Materialisme, Dialektika dan Logika","Tan Malaka",8,1951,,"ID",462,"2016/Desember/Bandung"
67,"Dunia Anna","Sebuah Novel Filsafat Semesta","Jostein Gaarder",8,2014,"Penerbit Mizan","ID/Terj",244,"2016/Desember/Bandung"
68,"Perburuan",,"Pramoedya Ananta Toer",8,2002,"Hasta Mitra","ID",163,"2016/Desember/Bandung"
69,"Sang Pemula",,"Pramoedya Ananta Toer",8,1985,"Hasta Mitra","ID",418,"2016/Desember/Bandung"
70,"Pnaggil Aku Kartini Saja","Biografi","Pramoedya Ananta Toer",8,2003,"Lentera Dipantara","ID",301,"2016/Desember/Bandung"
71,"Gadis Pantai",,"Pramoedya Ananta Toer",8,2003,"Lentera Dipantara","ID",270,"2016/Desember/Bandung"
72,"Buddha Jilid 5: Taman Rusa",,"Osamu Tezuka",8,2011,"KPG","ID/Terj",350,"2016/Desember/Bandung"
73,"Buddha Jilid 6: Ananda",,"Osamu Tezuka",8,2012,"KPG","ID/Terj",353,"2016/Desember/Bandung"
74,"Buddha Jilid 7: Pangeran Ajatassatu",,"Osamu Tezuka",8,2013,"KPG","ID/Terj",418,"2016/Desember/Bandung"
75,"Buddha Jilid 8: Jetawana",,"Osamu Tezuka",8,2014,"KPG","ID/Terj",362,"2016/Desember/Bandung"
84,"The Origin of Species/Teori Evolusi Manusia","By Means of Natural Selections","Charles Darwin",8,2015,"Penerbit Indoliterasi","ID/Terj",472,"2016/Januari/Bandung"
86,"Berfilsafat Sebuah Langkah Awal",,"Mark B. Woodhouse",8,2000,"Penerbit Kanisius","ID/Terj",240,"2016/November/Bandung"
89,"Inside Rupert's Brain",,"Paul R. La Monica",8,2011,"Gramedia","ID/Terj",276,"2016/Oktober/Bandung"
90,"Perempuan Menjunjung Separuh Langit","Kisah Kekerasan Paling Kejam Terhadap Perempuan di Abad Ini","Nicholas D. Kristof, etc",8,2010,"Gramedia","ID/Terj",379,"2016/Oktober/Bandung"
91,"DI Simpang Peristiwa","Mencatat Peristiwa, Menuai Hikmah","Friedz Meko, ZVD",8,2012,"Gramedia","ID",249,"2016/Oktober/Bandung"
92,"Dunia Cecilia","Kisah Indah Dialog Surga dan Bumi","Jostein Gaarder",8,2008,"Penerbit Mizan","ID",209,"2016/Oktober/Bandung"
93,"Buddha Jilid 2: Empat Perjumpaan",,"Osamu Tezuka",8,2008,"KPG","ID/Terj",411,"2016/Oktober/Bandung"
94,"Buddha Jilid 3: Dewadatta",,"Osamu Tezuka",8,2009,"KPG","ID/Terj",322,"2016/Oktober/Bandung"
95,"Buddha Jilid 4: Hutan Uruwela",,"Osamu Tezuka",8,2010,"KPG","ID/Terj",370,"2016/Oktober/Bandung"
117,"Jejak Langkah","Roman Pramoedya Ananta Toer, Buku 3/4","Pramoedya Ananta Toer",8,2006,"Lentera Dipantara","ID",724,"2016/September/Bandung"
127,"How The World Works","Empat Karya Klasik Real Story dalam Satu Jilid","Noam Chomsky",8,2016,"Penerbit Bentang Pustaka (Mizan)","ID/Terj",448,"2017/Agustus/Bandung"
128,"Elon Musk","Pria di Balik Paypal, Tesla, SpaceX dan Masa Depan yang Fantastis","Ashlee Vance",8,2017,"Kaifa (Mizan)","ID/Terj",441,"2017/Agustus/Bandung"
138,"Good For You Great For Me","Finding the Trading Zone and Winning at Win-Win Negotiation","Lawrence Susskind",8,2014,"Public Affairs NewYork","EN",240,"2017/April/BSD"
139,"Be Good","How to Navigate The Ethics of Everything","Randy Choen",8,2012,"Chronicle Books","EN",318,"2017/April/BSD"
140,"Getting To Yes With Yourself","& Other Worthy Opponents","William Ury",8,2015,"Thorsons","EN",187,"2017/April/BSD"
141,"What Your Aren't Seeing","How Using Your Hidden Potential Can Help Your Discover the Leader Within","Patrick Sweeney",8,2015,"McGraw-Hill","EN",288,"2017/April/BSD"
142,"Fizz","Harness The Power of Word of Mouth Marketing To Drive Brand Growth","Ted Wright",8,2015,"McGraw-Hill","EN",221,"2017/April/BSD"
143,"Busy","How to thrive in a World of too much","Tony Crabbe",8,2015,"Piatkus","EN",278,"2017/April/BSD"
144,"The Power of Habit","Why we do what we do and how to change","Charles Duhigg",8,2012,"Random House Books","EN",371,"2017/April/BSD"
145,"Zero To One","Notes on Startups, Or How To Build The Future","Peter Thiel",8,2014,"Penguin Random House","EN",210,"2017/April/BSD"
146,"Free","The Future of Radical Price","Chris Anderson",8,2009,"Hyperion","EN",274,"2017/April/BSD"
147,"Steve Jobs",,"Walter Isaacson",8,2011,"Simon & Schuster Paperbacks","EN",631,"2017/April/BSD"
148,"Berperang demi Tuhan","Fundamentalisme dalam Islam, Kristen, dan Yahudi","Karen Amstrong",8,2001,"Penerbit Mizan","ID/Terj",684,"2017/April/BSD"
149,"Apple vs Google","Perseteruan Korporasi Besar yang Melahirkan Teknologi Digital","Fred Vogelstein",8,2015,"Penerbit Mizan","ID/Terj",367,"2017/April/BSD"
158,"Catatan Pinggir 11","Kumpulan Tulisan Goenawan Mohamad di Majalah Tempo","Goenawan Mohamad",8,2017,"Kompas Gramedia","ID",442,"2017/Desember/Bandung"
165,"Nietzsche","Potret Besar Sang Filsuf","Peter Levine",8,2012,"IRCiSoD","ID/Terj",420,"2017/Januari/Bandung"
173,"Arkeologi Pengetahuan",,"Michel Foucault",8,2012,"IRCiSoD","ID/Terj",435,"2017/Juli/Bandung"
174,"Republik",,"Plato",8,2015,"Penerbit Narasi","ID/Terj",483,"2017/Juli/Bandung"
175,"Machine Learning","A Probabilistic Perspective","Kevin P. Murphy",8,2012,"MIT Press","EN",1067,"2017/Juli/Bandung"
183,"Pohon-Pohon Sesawi","Novel","Y.B Mangunwijaya",8,2012,"KPG","ID",123,"2017/November/Bandung"
189,"Buddha Jilid 1: Kapilawastu",,"Osamu Tezuka",8,2007,"KPG","ID/Terj",400,"2017/Oktober/Bandung"
5,"Sejarah Apa yang Membentuk Gereja","Seri Mari Berpikir","The Navigators",7,2011,"Penerbit Gloria","ID/Terj",321,"2013/April/Bandung"
8,"Einstein","Kehidupan dan Pengaruhnya bagi Dunia","Walter Isaacson",7,2012,"Penerbit Bentang Pustaka (Mizan)","ID/Terj",698,"2013/Bandung"
23,"Filsafat Ilmu","Sebuah Pengantar Populer","Jujun S. Suriasumantri",7,1984,"Pustaka Sinar Harapan","ID",384,"2014/Bandung"
24,"The Search","Bagaimana Google dan Para Pesaingnya mengubah aturan bisnis dan kebudayaan kita","John Battelle",7,2007,"Elex Media Komputindo","ID/Terj",342,"2014/Bandung"
25,"Cerdas Jenaka Cara Nobeils Fisika","Petualangan Hidup Richard P. Feynmann","Richard P. Feynmann",7,2003,"Penerbit Mizan","ID",389,"2014/Bandung"
46,"Intisari Ajaran Kristen","Pengajaran Alkitab Secara Populer","Edward W.A. Koehler",7,2010,"Akademi Lutheran Indonesia","ID/Terj",354,"2014/Februari/Bandung"
49,"The Warren Buffet Portofolio","Membedah keunggulan Stategi Investasi Fokus","Robert C. Hagstrom",7,2010,"daras Book","ID/Terj",258,"2015/Mei/Bandung"
76,"Putri Sirkus dan Lelaki penjual Dongeng",,"Jostein Gaarder",7,2015,"Penerbit Mizan","ID/Terj",259,"2016/Desember/Bandung"
87,"Filsafat Eksistensialisme","Jean-Paul Sartre","A. Setyo Wibowo",7,2011,"Penerbit Kanisius","ID/Terj",227,"2016/November/Bandung"
96,"Sang Burung Biru","Perjalan Inspiratif Blue Bird Group","Alberthiene Endah",7,2012,"Gramedia","ID",355,"2016/Oktober/Bandung"
97,"First They Killed My Father","trauma seorang anak perempuan kamboja dibawah kekejaman rezim Khmer Merah","Loung Ung",7,2000,"Kompas Gramedia","ID/Terj",400,"2016/Oktober/Bandung"
98,"Arus Balik","Sebuah Epos pasca kejayaan Nusantara di awal abad 16","Pramoedya Ananta Toer",7,2002,"Hasta Mitra","ID",760,"2016/Oktober/Bandung"
99,"Etika Jawa","Sebuah Analisis Falsafi tentang Kebijaksanaan Hidup Jawa","Frans Magnis Suseno",7,1993,"GPU","ID",265,"2016/Oktober/Bandung"
100,"Zarahustra","Nietzsche","Nietzsche",7,2016,"Jejak","ID/Terj",410,"2016/Oktober/Bandung"
118,"Herbert Marcuse","Perang Semesta Melawan Kapitalisme Global","Valentinus Saeng, CP.",7,2012,"Gramedia","ID/Terj",347,"2016/September/Bandung"
119,"Berrlanjut ke Penggugahan","Berdasarkan karya Klasik Tsong-kha-pa Risalah Mendetail Jalan Penggugahan Bertahap","Dalai Lama",7,2013,"Grasindo","ID/Terj",244,"2016/September/Bandung"
121,"Berkenalan dengan Eksistensialisme","Fuad Hasan","Pustaka Jaya",7,1992,"Dunia Pustaka","ID",158,"2016Desember/Bandung"
129,"Tajuk-tajuk Mochtar Lubis di Harian Indonesia Raya","Seri 2: Korupsi dan Ekonomi, Pendidikan dan Generasi Muda, Hukum, ABRI","Atmakusumah, ed",7,1997,"Yayasan Obor Indonesia","ID",574,"2017/Agustus/Bandung"
130,"Jurnalisme dan Politik di Indonesia","Biografi Kristis Mochtar Lubis (1992- 2004) sebagai pemimpin redaksi dan pengarang","David T. Hill",7,2011,"Yayasan Pustaka Obor Indonesia","ID",362,"2017/Agustus/Bandung"
131,"Manusia Indonesia","Mochtar Lubis","Mochtar Lubis",7,2016,"Pustaka Obor","ID",140,"2017/Agustus/Bandung"
150,"A Brief Guide to Philosophical Classics","From Plato ti Winnie the Pooh","James M. Russell",7,2015,"Robinson","EN",292,"2017/April/BSD"
151,"The Up Side of Down","Bouncing Back in Business and in Life","Megan McArdle",7,2014,"Head of Zeus","EN",299,"2017/April/BSD"
152,"The First 20 Hours","How to Learn Anything.. Fast","Josh Kaufmann",7,2013,"Portfolio Penguin","EN",268,"2017/April/BSD"
153,"It's Not About The Shark","How to solve unsolvable Problems","David Niven",7,2015,"Icon","EN",230,"2017/April/BSD"
154,"Gratitude and Trust","Six Affirmation That Will Change Your Life","Paul Williams and Tracey Jackson",7,2014,"A Plume Book","En",263,"2017/April/BSD"
159,"Badad Tanah Jawi","Mulai dari Nabi Adam Sampai Runtuhnya Mataram","W. L. Olthof",7,2017,"Penerbit Narasi","ID/Terj",447,"2017/Desember/Bandung"
160,"Catatan Pinggir 12","Kumpulan Tulisan Goenawan Mohamad di Majalah Tempo","Goenawan Mohamad",7,2017,"Kompas Gramedia","ID",437,"2017/Desember/Bandung"
161,"Who Rules The World?","Noam Chomsky","Noam Chomsky",7,2016,"Bentang Pustaka","ID/Terj",398,"2017/Desember/Bandung"
166,"Kapital Buku 1","Seri Buku Ilmiah","Karl Marx",7,2004,"Hasta Mitra","ID/Terj",928,"2017/Januari/Bandung"
167,"Kapital Buku 2","Seri Buku Ilmiah","Karl Marx",7,2004,"Hasta Mitra","ID/Terj",527,"2017/Januari/Bandung"
168,"Kapital Buku 3","Seri Buku Ilmiah","Karl Marx",7,2004,"Hasta Mitra","ID/Terj",954,"2017/Januari/Bandung"
169,"Habis Gelap Terbitlah Terang",,"Armijn Pane",7,1945,"Balai Pustaka","ID",267,"2017/Januari/Bandung"
178,"Matinya Socrates","Plato","Plato",7,2016,"Penerbit Narasi","ID/Terj",108,"2017/Juni/Bandung"
184,"Perawan dalam Cengkeraman Militer","catatan pulau buru","Pramoedya Ananta Toer",7,2001,"KPG","ID",246,"2017/November/Bandung"
185,"Burung-burung Manyar","Sebuah Roman","Y.B Mangunwijaya",7,2014,"Kompas Gramedia","ID",406,"2017/November/Bandung"
186,"Ikan-ikan Hiu, Ido, Homa","Sebuah Novel Sejarah","Y.B Mangunwijaya",7,2015,"Kompas Gramedia","ID",409,"2017/November/Bandung"
187,"The Five People You Meet in Heaven",,"Mitch Albom",7,2005,"GPU","ID/Terj",202,"2017/November/Bandung"
1,"Kamus Inggris Indonesia",,"John M. Echols dan Hassan Shadily",6,2007,"Gramedia",,618,"2012/Bandung"
2,"Kamus Indonesia Inggris",,"John M. Echols dan Hassan Shadily",6,2005,"Gramedia",,660,"2012/Bandung"
26,"Berpikir dan berjiwa besar","The Magic of Thinking Big","David J. Schwartz",6,2007,"Binarupa Aksara","ID",420,"2014/Bandung"
27,"The Swordless Samurai","Pemimpin Legendaris Jepang Abad XVI","Kitami Masao",6,2013,"Pustaka Inspira","ID/Terj",262,"2014/Bandung"
77,"Dunia Sophie","sebuah novel filsafat","Jostein Gaarder",6,2013,"Penerbit Mizan","ID/Terj",798,"2016/Desember/Bandung"
85,"Syair-syair Cinta","Kumpulan Karya-karya Besar Kahlil Gibran","Kahlil Gibran",6,2009,"Penerbit Narasi","ID/Terj",630,"2016/Juni/Bandung"
101,"The Geography of Bliss","Kisah Seorang Penggerutu yang Berkeliling Dunia Mencara Negara Paling Membahagiakan","Eric Weiner",6,2011,"Qanita","ID/Terj",512,"2016/Oktober/Bandung"
102,"Ketika Mozart Kecil Memainkan Jemarinya","Bagaimana Mencetak Genius yang Berbahagia","It Pin Arifin",6,2011,"Gramedia","ID",373,"2016/Oktober/Bandung"
132,"Membaca Sapardi",,"Riris K. Toha, etc, ed",6,2010,"Yayasan Pustaka Obor Indonesia","ID",306,"2017/Agustus/Bandung"
155,"@fileCaknur Banyak Jalan Menuju Tuhan","Buku Kedua: D – 1","Budhy Munawar-Rachman",6,2013,"Penerbit Imania","ID",330,"2017/April/BSD"
162,"Playing to Win","Kebangkitan Terbesar Nitendo dan industri Video Games","Daniel Sloan",6,2011,"Kompas Gramedia","ID/Terj",285,"2017/Desember/Bandung"
163,"Buku-buku Harian Vatikan","Kunjungan ke Belakang Layar, melihat Tokoh, Kekuasaan, dan Politik di Jantung Gereja Katolik","John Thavis",6,2014,"Kompas Gramedia","ID/Terj",466,"2017/Desember/Bandung"
188,"The Coke Machine","Kebenaran Kotor di balik Minuman Ringan Favorit Dunia","Michael Blanding",6,2011,"Kompas Gramedia","ID/Terj",420,"2017/November/Bandung"
190,"Akar","Supernova Episode 2","Dee Lestari",6,2012,"Bentang Pustaka","ID",256,"2017/Oktober/Bandung"
191,"Kesatria, Putri dan Bintang Jatuh","Supernova Episode 1","Dee Lestari",6,2012,"Bentang Pustaka","ID",318,"2017/Oktober/Bandung"
3,"Matematika Universitas","Schaum Easy Outlines","Frank Ayres",5,2006,"Erlangga","ID/Terj",105,"2012/Bandung"
9,"Sorotan Iman","The Spotlight of Faith, Memahami Arti berjalan bersama Allah","Bill Crowder",5,2008,"Discovery House Publishing","ID/Terj",247,"2013/Bandung"
10,"Berdaulat di Udara","Membangun Citra Penerbangan Nasional","Chappy Hakim",5,2010,"Kompas Gramedia","ID",329,"2013/Bandung"
11,"Negara Kuli","Apalagi yang kita punya?","Anif Punto Utomo",5,2004,"Penerbit Republika","ID",204,"2013/Bandung"
12,"Belajar Rangkaian Elektronik Tanpa Guru",,"Dedy Rusmadi",5,2007,"DelFajar","ID",154,"2013/Bandung"
13,"Rangkaian Listrik","Jilid 1, Edisi Keempat","William H. Hyat",5,1990,"Erlangga","ID/Terj",294,"2013/Bandung"
14,"Fuzzy Logic and Control","-","-",5,1993,"Prentice Hall","EN",397,"2013/Bandung"
15,"Pengenalan Elektronik Untuk Pemula",,"J.A Stanley",5,1999,"Pionir Jaya","ID/Terj",176,"2013/Bandung"
16,"Belajar Mikrokontroller Teori dan Aplikasi",,"Agfianto Eko Putra",5,2003,"Gava Media","ID",233,"2013/Bandung"
28,"A Minute of Margin","mengembalikan keseimbangan kepada hidup yang sibuk","Richard A. Swenson",5,2007,"Pionir Jaya","ID/Terj",371,"2014/Bandung"
29,"Pembuktuan atas kebenaran iman kristiani","Investigasi Pribadi seorang Jurnalis atas Bukti tentang Iman Kristiani","Lee Strobel",5,,"Gospel Pres","ID/Terj",360,"2014/Bandung"
78,"Manusia dan Kebudayaan di Indonesia",,"Prof. Dr. Koentjaraningrat",5,2004,"Percetakan Sapdodadi","ID",397,"2016/Desember/Bandung"
103,"Asal Mula Agama-agama Besar didunia",,,5,,"Penjedar","ID/Terj",248,"2016/Oktober/Bandung"
156,"Margaret Thatcer","The Authorized Biography","Charles Moore",5,2013,"Penerbit Bentang Pustaka (Mizan)","ID/Terj",1017,"2017/April/BSD"
164,"Menyembuhkan Luka Perceraian","Chicken Soup for the Soul","Jack Canfield et.all",5,2013,"GPU","ID/Terj",429,"2017/Desember/Bandung"
17,"Mengatasi Rasa Sepi, Frustasi dan Rendah Diri","Seri Psikologi 1","Frank S. Caprio",4,1985,"Mega Media","ID/Terj",131,"2013/Bandung"
20,"Kemenangan Akhir","Hidup dengan jaminan bahwa dunia pada akhirnya akan mendapatkan kebahagiaan","Ellen G. White",4,2011,"Indonesia Publishing House","ID/Terj",607,"2013/Mei/Jakarta"
30,"Delegasi dalam Manajemen Perusahaan","Rahasia Kekuatan Manajer yang Sukses","James M. Jenks, John M. Kelly",4,1991,"Penerbit BPK Gunung Mulia","ID/Terj",256,"2014/Bandung"
31,"Heroes of Freedom and Humanity","Kisah Para Pahlawan Kebebasan dan Kemanusiaan","Tim Narasi",4,2006,"Penerbit Narasi","ID/Terj",167,"2014/Bandung"
32,"The Value Factor","Bagaimana Para Pemimpin Global Menggunakan Informasi untuk Meraih Pertumbuha dan Keuntungan yang Kompetitif","Mark Hurd and Lars Nyberg",4,2005,"Buana Ilmu Popular","ID/Terj",173,"2014/Bandung"
33,"Menanti Cinta","Cinta tak Pernah Membebani, Ia meringankan yang memilikinya","Adam Aksara",4,2014,"Mozaik Publishers","ID",227,"2014/Bandung"
34,"Battling Unbelief","Mengalahkan Dosa dengan Anugerah","John Piper",4,2010,"Pionir Jaya","ID/Terj",187,"2014/Bandung"
35,"The Rise of Modern Communism",,"Massimo Salvadori",4,1952,"Henry Holt and Company","EN",117,"2014/Bandung"
36,"Holocaust","Fakta atau Fiksi?","Stephane Downing",4,2007,"MedPress","ID/Terj",172,"2014/Bandung"
37,"The Sacred Search","Pencarian Pasangan Hidup yang kudus","Gary Thomas",4,2014,"Literatur Perkantas Jatim","ID/Terj",260,"2014/Bandung"
38,"Sukses dan Prestasi","Rahasia Pembaruan Diri","Shaut LS Hutabarat",4,1989,"Mitra Utama","ID/Terj",116,"2014/Bandung"
39,"1001 Cara Membuat Inisiatif Dalam Kerja","Kendalikan Pekerjaan dan Karir Anda Ciptakan Peluang Kesuksesan","Bob Nelson",4,2001,"Prestasi Pustaka","ID/Terj",282,"2014/Bandung"
40,"Between Comitment and Change","Menyingkap Rahasia antara NIAT dan Perubahan Sejati","Hendrik Lim, et.all",4,2007,"Metanoia Publishing","ID",106,"2014/Bandung"
41,"Batavia","Kisah Jakarta Tempo Doeloe","Intisari",4,1988,"Intisari","ID",192,"2014/Bandung"
50,"The Cashflow Quadrant","Panduan Ayah kaya menuju kebebasan Finansial","Robert T. Kiyosaki",4,2006,"GPU","ID/Terj",330,"2015/Mei/Bandung"
51,"Quantum Business","Membiasakan Berbisnis Secara Etis dan Sehat","Bobbi DePorter",4,2000,"Penerbit Kaifa","ID/Terj",405,"2015/Mei/Bandung"
52,"Solusi Untuk Indoensia","Prekdisi Ekonofisik/kompleksitas","Yohanes Surya et.all",4,2008,"Kandel","ID",400,"2015/Mei/Bandung"
79,"Tiga Guru Satu Ajaran","Kehidupan dan Ajaran Kebenaran Siddharta Gautama, Conficius, dan Lau Zi","Sutradharma Tj. Sudarman",4,1998,"Yayasan Dhammadasa","ID",308,"2016/Desember/Bandung"
80,"Ada Apa dengan Cinta","Adaptasi dari Film","Silvarani",4,2016,"GPU","ID",186,"2016/Desember/Bandung"
104,"Tuhan ada Di Mana-mana","Be The Miracle. 50 Perjalanan untuk mewujudkan Mukjizat dalam hidup kita","Regina Brett",4,2012,"Gramedia","ID/Terj",335,"2016/Oktober/Bandung"
105,"Aspire","11 Kata yang akan mengubah kehidupan anda","Kevin Hall",4,2009,"Gramedia","ID/Terj",238,"2016/Oktober/Bandung"
106,"Rahasia Kecerdasan Anak","Memaksimalkan Perkembangan Otak",,4,2010,"Kompas Gramedia","ID",228,"2016/Oktober/Bandung"
120,"Sejarah Kerajaan Allah","Perjanjian baru","Prof. Dr. J.H Bavink",4,1982,"Nilakandi","ID/Terj",468,"2016/September/Bandung"
157,"The Most Dangerous Man in The World","-","Andrew Fowler",4,2015,"Penerbit Bentang Pustaka (Mizan)","ID/Terj",366,"2017/April/BSD"
176,"Dari Marga Untuk Gereja dan Bangsa","Menuju Indonesia yang dicita-citakan","Hari S Soba",4,2007,"Alumni PMKRI","ID",179,"2017/Juli/Bandung"
179,"Sukarno","Bapak Bangsa Indonesia","Darmawan MM",4,2005,"Penerbit Hikayat Dunia","ID",553,"2017/Juni/Bandung"
4,"It's Not About Me","Hiduplah dengan bersungguh-sungguh bersungguh-sungguhlah dengan hidup","Max Lucado",3,2012,"Penerbit Katalis","ID/Terj",151,"2012/Bandung"
18,"Just Do Something","Sebuah pendekatan yang membebaskan untuk menentukan Kehendak Allah","Kevin DeYoung",3,2013,"Literatur Perkantas Jatim","ID/Terj",158,"2013/Bandung"
42,"99 Cara menjadikan Anak Anda Keranjingan Membaca",,"Mary Leonhardt",3,2001,"Kaifa (Mizan)","ID/Terj",176,"2014/Bandung"
43,"Psycho Cybernetic Untuk Sukses",,"I Navare",3,,"Socratin Incorporated","ID/Terj",76,"2014/Bandung"
44,"Kunci Pencerahan Seketika","Maha Guru Ching Hai","Maha Guru Ching Hai",3,2012,"Supreme Master Ching","ID/Terj",103,"2014/Bandung"
45,"Membaca Kepribadian Orang",,"Gregory G. Young",3,2012,"Think Jogjakarta","ID",393,"2014/Bandung"
53,"Ekonomi Inovasi",,"LPIK ITB",3,2010,"LPIK ITB","ID",308,"2015/Mei/Bandung"
54,"Profil Lembaga Pengembangan Inovasi dan Kewirausahaan ITB","Institut Teknologi Bandung","LPIK ITB",3,2015,"LPIK ITB","ID",180,"2015/Mei/Bandung"
55,"Right People Right Place","Peka Terhadap Suara Allah","Jentezen Franklin",3,2008,"Immanuel","ID/Terj",190,"2015/Mei/Bandung"
81,"Aku","Berdasarkan Perjalan Hidup dan Karya Penyair Chairil Anwar","Sjuman Djaya",3,2016,"Gramedia","ID",155,"2016/Desember/Bandung"
82,"Aku ini Binatang Jalang",,"Chairil Anwar",3,2011,"Gramedia","ID",131,"2016/Desember/Bandung"
83,"Sabtu Besama Bapak",,"Adhitya Mulya",3,2016,"Gagas Media","ID",277,"2016/Desember/Bandung"
107,"An Indigo Celebration","Kumpulan Pesan dan Kisah dari Anak-anak Indigo","Lee Carroll and Jan Tober",3,2007,"Gramedia","ID/Terj",295,"2016/Oktober/Bandung"
108,"Tuhan Apakah Engkau Peduli","Menemukan kekuatan ketika Tuhan terasa Jauh","Tony Evans",3,2010,"Gloria Usaha Mulia","ID/Terj",207,"2016/Oktober/Bandung"
109,"The Philosophy of Thai Chi Chuan","Ajaran Bijak dari Confucius, Lao Tzu dan Para Filsuf Lainnya","Freya, etc",3,2011,"Elex Media Komputindo","ID/Terj",108,"2016/Oktober/Bandung"
110,"Ajaran Kristen: Perjalanan dari Kenyataan ke Khayalan",,"Hadhrat Mirza Tahir Ahmad",3,2000,,"ID/Terj",174,"2016/Oktober/Bandung"
111,"Gelas-gelas Kaca","Tribute to Rinto Harahap","IzHarry Agusjaya Moenzir",2,2011,"Gramedia","ID",318,"2016/Oktober/Bandung"
112,"Otto Cornelius Kaligis","A Man With Million Surprises","Teguh Esha, etc",2,2013,"Gramedia","ID",371,"2016/Oktober/Bandung"
192,"Demi Allah dan Demi Indonesia","Suatu Pergulatan tentang Ihwal Kenasranian dan Kebangsaan","Samuel Tumanggor",2,2006,"Satu-satu","ID",229,"2017/September/Bandung"
19,"Manusia Setengah Salmon",,"Raditya Dika",0,2011,"Gagas Media","ID",258,"2013/Bandung"
113,"Silsilah di Kitab Kejadian/Seri 1 Sejarah Penebusan","Dilihat dari Sudut Pandang Penyelenggaraan Sejarah Penebusan","Abraham Park",0,2010,"Yayasan Damai Sejahtera Umat","ID/Terj",277,"2016/Oktober/Bandung"
114,"Orang Batak Kasar?","Membangun Citra dan Karakter, Gunakan 7 Falsafah Batak Merestorasi Jati Diri, Hhubungan Seks, Sosial, Budaya, Demokrasi, Bisnis dan Melibas Dosa, Korupsi dan mafia Hukum","Dajpiter Tambunan",0,2010,"Gramedia","ID",274,"2016/Oktober/Bandung"
177,"#struggles","#Pergumulan-pergumulan, Mengikuti Yesus di Dunia yang Terpusat pada Selfie","Craig Groeschel",0,2016,"Literatur Perkantas Jatim","ID/Terj",250,"2017/Juli/Bandung"
180,"Hidup Mandiri di Hadapan Tuhan","Pedoman Meraih Kadamaian dan Keunggulan Global","Darmawan MM",0,2006,"Penerbit Hikayat Dunia","ID",264,"2017/Juni/Bandung"
194,"Crazy Rich Asians","Kaya Tujuh Turunan","Kevin Kwan",8,2013,"Gramedia","ID/Terj",469,"2017/Desember/Bandung"
195,"China Rich Girlfriend","Kekasih Kaya Raya","Kevin Kwan",8,2015,"Gramedia","ID/Terj",453,"2018/Maret/Bandung"
196,"RIch People Problems","Masalah Orang Kaya","Kevin Kwan",8,2017,"Gramedia","ID/Terj",478,"2018/April/Bandung"
197,"Deep Learning with Python",,"Francois Chollet",8,2018,"Manning Publishing","EN",351,"2018/Februari/Bandung"
198,"Thoughtful Machine Learning with Python","A Test-Driven Approach","Matthew Kirk",8,2017,"O'Reilly","EN",201,"2018/Februari/Bandung"
199,"Deep Learning",,"Ian Goodfellow, Yoshua Bengio, Aaron Courville",9,2016,"MIT Press","EN",775,"2018/Januari/Bandung"
200,"Learning OpenCV 3","Computer Vision with C++ with the OpenCV Library","Adrian Kaehler and Gary Bradski",9,2017,"O'Reilly","EN",990,"2018/Januari/Bandung"
201,"Hadoop The Definitive GUide","Storage and Analysis at Internet Scale","Tom White",9,2009,"O'Reilly","EN",1000,"2018/Januari/Bandung"
202,"Social Physics","How Social Networks Can Make Us Smarter","Alex Pentland",9,2014,"Penguin Books","EN",300,"2019/Januari/BSD"
203,"The Lean Startup","Ketika Inovasi Tanpa Henti menciptakan kesuksesan bisnis secara radikal","Eric Ries",8,2015,"Bentang Pustaka","ID",404,"2019/Januari/BSD"
204,"Falsafah Hidup Jawa","Menggali Mutiara Kebijakan dari Intisari FIlsafat Kejawen","Prof.Dr.Suwardi Endraswara,M.Hum",8,2014,"Cakrawala","ID",303,"2018/Juli/Bandung"
205,"Kosmos",,"Carl Sagan",9,2016,"KPG","ID",454,"2019/Januari/BSD"
206,"Homo Deus","Masa Depan Umat Manusia","Yuval Noah Hariri",9,2018,"Alvabet","ID",527,"2019/Januari/BSD"
207,"Why?","What Makes Us Curious","Mario Livio",9,2017,"Simons & Schuster Paperbacks","EN",252,"2019/Januari/BBW"
208,"Perlawan, Pemberontakan, Kematian","Albert Camus","Albert Camus",9,2017,"Buku Seru","ID",353,"2019/Januari/BBW"
209,"Kastil","Franz Kafka","Franz Kafka",9,2018,"Diva Press","ID",460,"2019/Januari/BBW"
210,"Lahirnya Tragedi","Nietzche","Nietzche",9,2018,"Narasi","ID",218,"2019/Januari/BBW"
211,"Senjakala Berhala dan Anti-Krist","Nietzche","Nietzche",8,2017,"Buku Seru","ID",355,"2019/Januari/BBW"
212,"Spiral Staircase","My Climb out of Darkness","Karen Armstrong",8,2004,"Anchor Books","EN",305,"2019/Januari/BBW"
213,"Metamerfosis","Franz Kafka","Franz Kafka",8,2017,"Narasi","ID",417,"2019/Januari/BBW"
214,"Sejarah dan Budaya",,"Antonio Gramsci",7,2017,"Narasi","ID",334,"2019/Januari/BBW"
215,"On Time","Finding Your Face in a World Addicted to Fast","Catherine Blyth",7,2017,"William Collins","EN",324,"2019/Januari/BBW"
216,"The Assault on Reason","Out Information Ecosystem, From the Age of Print","Al Gore",7,2017,"Penguin Books","EN",336,"2019/Januari/BBW"
217,"Power/Knowledge","Waca Kuasa/Pengetahuan","Michael Foucault",7,2017,"Buku Seru","EN",354,"2019/Januari/BBW"
218,"Behind Every Great Man","The Forgotten Women Behind the World's Famous and Infamous","Marlene Wagman-Geller",8,2015,"Source Books","EN",356,"2019/Januari/BBW"
219,"Uncovering Happines","Overcoming Depression with Mindfullness and Self-Compassion","Elisha Goldstrein",7,2015,"Atria Paperbacks","EN",288,"2019/Januari/BBW"
220,"Glutten Exposed","The Science Behind The Hype and How to Navigate To A Healtyh, Symptom-Free Life","Dr. Peter H.R Green and Rory Jones",7,2016,"4 Estate","EN",352,"2019/Januari/BBW"
221,"Fatih vs Fact","Why Science and Religion are Imcompatible","Jerry A. Coyne",7,2015,"Penguin Books","EN",311,"2019/Januari/BBW"
222,"The Rise and Fall of the Third Chimpanze","How our animal heritage affects the way we live","Jared Diamond",7,1991,"Vintage","EN",360,"2019/Januari/BBW"
223,"Beyond Human Naure","How Culture and Experience Shape the Human Mind","Jesse J. Prinz",8,2012,"Norton","EN",401,"2019/Januari/BBW"
224,"Power, Inc.","The Epic Rivalry Between Big Business and Government and the Reckoning That Lies Ahead","David Rothkopf",7,2012,"FSG","EN",436,"2019/Januari/BBW"
225,"The Ghost in My Brain","How a concussion stole my life and how the new science of my brain plasticity helped me get it back","Clark Elliot, Ph.D",7,2015,"Penguin Books","EN",312,"2019/Januari/BBW"
226,"it Didn't Start with You","How Inherited Family Trauma Shapes who we are and how to end the cycle","Mark Wolynn",8,2016,"Penguin Books","EN",240,"2019/Januari/BBW"
227,"A Brief History of Infinity","The Quest to Think the Unthinkable","Brian Clegg",7,2003,"FSC","EN",255,"2019/Januari/BBW"
